<?xml version="1.0" encoding="UTF-8"?>
<project-private xmlns="http://www.netbeans.org/ns/project-private/1">
    <editor-bookmarks xmlns="http://www.netbeans.org/ns/editor-bookmarks/1"/>
    <editor-bookmarks xmlns="http://www.netbeans.org/ns/editor-bookmarks/2" lastBookmarkId="0"/>
    <open-files xmlns="http://www.netbeans.org/ns/projectui-open-files/2">
        <group>
            <file>file:/home/avb/Documents/Bank%20Management/src/Delete_Account.java</file>
            <file>file:/home/avb/Documents/Bank%20Management/src/CreateAccount.java</file>
            <file>file:/home/avb/Documents/Bank%20Management/src/Bank_Management_System.java</file>
            <file>file:/home/avb/Documents/Bank%20Management/src/Employee_Information.java</file>
        </group>
    </open-files>
</project-private>
